model,n,R2,adj_R2
M0_AR1,53,0.11596396249443386,0.09862992254334435
M1_AR1+mel,53,0.12538543714142703,0.09040085462708403
M2_full,53,0.6405594175874669,0.6106060357197558
