model,n,R2,adj_R2
M0_AR1,54,0.11085327114813937,0.09375429559329596
M1_AR1+mel,54,0.12057880122029097,0.08609169538579253
M2_full,54,0.6369023834808062,0.6072617617241373
