predictor,deltaR2
melatonin,7.769717341121751e-05
agency,0.19683941475867806
metacognition,0.10988237880833429
internal_block (agency + metacognition),0.5151739804460399
