predictor,deltaR2
melatonin,6.250438051991214e-05
agency,0.20085599871166815
metacognition,0.1056809894292875
internal_block (agency + metacognition),0.5163235822605152
