model,sigma_v2,sigma_w2,snr,loglik,AIC
Local level,17.335826648419502,1.088417095334979,0.06278426275300864,-208.3870684421766,420.7741368843532
