model,sigma_v2,sigma_w2,snr,loglik,AIC
Local level,17.39587773929898,1.0908564328414423,0.06270775462954027,-205.53100562275236,415.0620112455047
