level,phi,half_life_steps,physical_unit
obs,0.2305119779906422,0.4723472841054388,2.9 hours
day,0.42036088311080383,0.7998082571423999,0.80 days
