level,phi,half_life_steps,physical_unit
obs,0.23051197799064319,0.47234728410544013,2.9 hours
day,0.4205553907081171,0.8002354185482471,0.80 days
